region,ch_mort_rural,per_capita_cash_income,real_incomes,formal_wage_paid,real_pay,ch_mort_urban,total,18_30,31_40,41_50,51_60,60_,alco,drug,grp,all_some_tightness,all_large_tightness,total_area_for_person,living_area_for_person,living_room_count,cond_want_to_improve,improve_tightness,improve_bad_&_tightness_cond,new_born,population,poverty_percent,poverty_under_sixteen,poverty_above_working_age,poverty_working_age,manufacturing_industries_till_2016,energy_provision_till_2016,mining_till_2016,water_supply,mining,energy_provision,manufacturing_industries,industrial_production,retail_turnover,welfare_mean,Pergnancy_period,eye_diseases,muscul_&_connective_tissue_diseases,genitourinary_sys_diseases,nervous_sys_diseases,respiratory_diseases,digestive_sys_diseases,circulastory_sys_diseases,ear_diseases,endocrine_sys_diseases,malformations,all_diseases,infectious,neoplasms,perinatal_period,other_diseases,mental_diseases,injuries,area,population_density,population_general_growth,population_natural_growth,population_migration_growth,urban_population_share,rural_per_1000_city,migration_in,migration_out,new_born_for_1000
Белгородская область,36.526315789473685,30692.5,99.43333333333334,30920.333333333332,102.35000000000001,88.03,202033.859375,5353.171875,9767.109375,15291.140625,31774.765625,139847.671875,76.48,4.22,244680.47,11.7,2.0,25.1,17.8,2.6,12.0,4.2,0.4,14448.395999999999,1545565.2,14.757692307692308,29.399999999999995,8.233333333333334,29.03333333333333,340176334.2183333,22483980.200000003,72053663.07000001,10532428.475000001,158411361.2,26791541.65,702250454.7475,897985786.0224999,210246.0,14.0,11772.05,21266.391666666666,19841.966666666667,24385.491666666665,14991.616666666667,194681.40833333333,16233.641666666666,14611.083333333334,16708.766666666666,4520.333333333334,1102.625,444608.9098484849,30194.600000000002,3511.5166666666664,3013.9249999999997,7222.475,2874.5499999999997,43790.899999999994,27.1,56.5,-9342.0,-15778.0,6436.0,32.28,1.05,46566.0,40130.0,9.348292779884018
Брянская область,37.526315789473685,26015.5,98.38333333333333,26399.166666666668,100.76666666666667,95.94,106031.875,3666.515625,6347.0625,9856.75,19102.90625,67058.640625,169.42,14.05,123532.82,4.6,0.6,30.5,24.1,3.2,5.7,0.8,0.0,11112.797999999999,1213058.9,20.042307692307695,40.23333333333333,3.9333333333333336,55.833333333333336,95110534.17916667,11835489.108333334,276922.2791666666,8773979.425,296917.6,17344879.15,229727711.45,256143487.625,203402.25,23.0,13729.325,19281.008333333335,15776.324999999999,17437.475,13330.508333333333,235482.20833333334,32543.74166666667,10738.191666666666,14837.675000000001,9562.35,1549.5416666666667,477621.85757575755,16564.05,3619.3583333333336,764.9999999999999,10634.7875,2511.9166666666665,41469.158333333326,34.9,33.5,-13911.0,-14816.0,905.0,29.41,0.8,31287.0,30382.0,9.160971491161723
Владимирская область,26.68421052631579,23908.333333333332,98.14999999999999,29127.166666666668,101.69999999999999,107.31,123591.75,3894.78125,6714.328125,9472.3125,19517.328125,83993.0,121.35,9.74,149340.34,15.8,2.5,24.2,16.1,2.2,9.0,3.8,0.0,12598.6,1379575.9,23.092307692307692,39.49999999999999,7.233333333333333,53.26666666666667,221504806.60833332,23942449.764166668,2132893.6858333335,11442077.2225,4849978.175000001,36170907.3725,468223820.4625,520686783.2325,161352.875,22.0,12967.766666666666,20022.11666666667,15644.733333333334,22848.433333333334,10366.075,312352.7833333333,21673.699999999997,7223.791666666666,16743.825,6809.116666666668,1682.8416666666667,555124.5242424242,23639.983333333334,3397.0666666666666,2289.3999999999996,8229.625,3343.0916666666667,43851.425,29.1,45.5,-18440.0,-18914.0,474.0,21.83,0.91,30695.0,30221.0,9.132226795205687
Воронежская область,39.10526315789474,30422.833333333332,98.10000000000001,30077.0,101.05000000000001,142.38,214849.828125,6938.15625,11816.59375,17871.234375,39950.296875,138273.546875,129.57,16.51,168933.32,11.4,1.6,29.0,19.9,2.6,14.2,4.2,0.1,21509.397999999997,2323844.8,19.43846153846154,38.800000000000004,6.433333333333334,54.800000000000004,215292125.57250002,40705278.25666666,3808849.8283333336,14969465.45,8066536.025,109002283.43249999,482431170.57500005,614469455.4825001,231021.125,19.0,10468.516666666666,13405.4,11547.758333333333,12977.266666666666,7411.65,155440.18333333335,12273.941666666666,8395.841666666667,10822.258333333333,5319.8166666666675,933.1583333333333,316669.29772727273,10922.733333333332,2365.008333333333,2452.675,14744.487500000001,4829.358333333334,26161.741666666665,52.2,43.8,-17930.0,-27992.0,10062.0,31.89,1.57,65639.0,55577.0,9.255952893239686
Ивановская область,14.0,24567.833333333332,97.58333333333333,24856.666666666668,99.55000000000001,92.25,77695.1875,2746.984375,4602.3125,6394.8125,11867.265625,52083.8125,154.69,10.56,98471.1,19.1,3.9,25.2,18.1,2.4,13.4,5.5,0.9,9141.8,1016191.9,30.826923076923077,37.300000000000004,8.466666666666667,54.23333333333333,71149630.63833334,21904180.550833333,619580.8583333333,5282217.5,1033696.0,30169063.15,157071216.75,193556193.4,164095.25,25.0,9587.075,25243.4,17128.399999999998,22518.908333333333,10682.483333333332,341399.36666666664,14257.016666666666,7540.783333333333,19679.649999999998,6077.025,3003.9500000000003,577091.9757575758,16116.125,4198.383333333333,1363.7666666666667,6259.1625,3568.3416666666667,47496.925,21.4,45.6,-10114.0,-12794.0,2680.0,18.11,0.67,27887.0,25207.0,8.996135474018244
Калужская область,21.473684210526315,29652.333333333332,98.21666666666668,36595.166666666664,101.01666666666667,74.78,76403.46875,3078.25,4873.34375,6467.75,12617.515625,49366.609375,121.14,9.14,196359.24,16.8,3.3,22.6,15.5,2.2,4.3,2.5,0.0,10312.6,1008289.2,19.376923076923077,37.800000000000004,10.633333333333333,51.56666666666667,286222287.3283333,14801408.89583333,2273851.3166666664,9653256.625,4025444.6249999995,23811903.45,817518945.8499999,855009550.5500001,192933.5,17.0,12973.525000000001,19319.44166666667,19239.708333333336,16224.466666666667,11548.241666666669,264428.4083333334,15906.258333333331,7484.624999999998,11832.166666666668,4606.583333333333,1501.75,459715.99015151523,14945.891666666668,2805.858333333333,1315.675,5118.3125,2355.991666666667,29965.391666666663,29.8,34.0,11864.0,-10788.0,22652.0,24.11,0.7,58255.0,35603.0,10.227819558118842
Костромская область,22.263157894736842,23997.833333333332,98.23333333333333,26784.0,101.33333333333333,56.38,59004.484375,2051.4375,3720.921875,4771.03125,10176.40625,38284.6875,105.27,11.02,135356.55,15.6,3.7,21.7,14.5,2.2,7.8,4.2,0.9,6428.593999999999,643246.7,21.426923076923078,43.23333333333333,5.033333333333334,51.699999999999996,73899501.2675,26176378.979166668,252557.74166666667,3475098.0749999997,722849.5249999999,37505769.125,133876644.795,175580361.52,158542.5,19.0,19708.491666666665,13302.566666666666,9325.8,13936.083333333334,6272.108333333334,283347.4916666667,12556.949999999999,6241.35,12381.525,4584.491666666667,959.175,461749.6310606061,17200.458333333332,2866.55,2024.1666666666667,5694.1625,2832.3416666666667,44374.39166666666,60.2,10.3,-7647.0,-7675.0,28.0,26.62,0.43,18768.0,18740.0,9.993978981936479
Курская область,29.105263157894736,27167.833333333332,98.58333333333333,29162.166666666668,101.18333333333334,91.44,118176.890625,4975.265625,8567.453125,13434.515625,25495.296875,65704.359375,146.28,18.05,170308.99,13.3,1.7,24.4,17.1,2.4,16.6,5.7,0.0,10371.6,1110482.5,18.442307692307693,39.4,7.2,53.43333333333334,92703079.6725,45582619.02666667,37289515.199999996,7219572.149999999,92404853.925,59084033.35,194623977.70000002,353332437.125,187211.625,21.0,4626.941666666667,12824.400000000001,16571.375,11283.258333333333,7958.666666666666,180376.97499999998,20461.708333333332,5551.916666666667,10906.866666666667,5558.358333333334,1603.0333333333335,354837.975,15318.166666666664,2624.016666666667,3127.25,7259.687500000001,3405.4916666666672,32132.108333333334,30.0,36.1,-12904.0,-14602.0,1698.0,31.21,0.74,31727.0,30029.0,9.339723948824048
Липецкая область,30.63157894736842,29782.0,98.43333333333334,30319.5,102.0,69.75,116298.171875,3895.421875,6670.59375,9831.609375,20764.4375,75136.109375,139.52,12.65,217216.27,13.5,4.0,24.5,16.5,2.5,10.3,3.1,0.0,10958.398,1146775.9,14.71923076923077,39.26666666666667,7.333333333333333,53.4,349310026.0025,22107595.346666668,3896393.4641666673,11362149.25,6848052.075,24792685.3,701470848.85,744473735.45,216674.0,20.0,12914.766666666666,13339.216666666667,10318.975,15840.875,5666.949999999999,212384.43333333332,12233.616666666667,5707.716666666666,13545.308333333334,2983.3,963.4583333333333,392395.29924242425,15837.675,2244.2166666666667,2872.9,6920.487499999999,3181.883333333333,44008.61666666667,24.0,46.3,-14512.0,-14770.0,258.0,35.45,0.77,30459.0,30201.0,9.555832137735019
Московская область,63.526315789473685,43506.333333333336,99.94999999999999,49282.333333333336,100.59999999999998,493.69,415609.515625,16649.125,26091.859375,35082.0625,67040.125,270746.34375,83.14,17.18,255299.9,17.3,4.4,22.3,14.8,2.1,11.0,6.1,0.5,84295.38199999998,7442616.1,16.03076923076923,43.43333333333333,8.299999999999999,48.23333333333333,1331750775.0366669,209516787.00250003,9011658.508333333,94474868.0625,13963392.174999999,280464699.6125,2764884561.6549997,3153787521.505,301927.0,18.0,8301.141666666666,14256.633333333331,12187.533333333333,12708.058333333334,8149.25,237442.46666666667,16192.083333333336,6635.424999999999,11432.191666666666,3281.2,773.1916666666668,416032.72045454546,15044.008333333335,2635.9083333333333,2292.6166666666663,7152.424999999999,2764.0666666666666,39219.025,44.3,175.3,60379.0,-52662.0,113041.0,18.47,5.34,353038.0,239997.0,11.326041927649605
Орловская область,27.789473684210527,24481.833333333332,98.80000000000001,26455.166666666668,101.08333333333333,45.88,60685.921875,2409.453125,3661.5625,5324.9375,10378.5625,38911.40625,121.95,3.27,144886.38,10.3,6.3,29.2,18.8,2.7,14.6,5.8,0.3,6778.592,748456.6,20.41923076923077,37.93333333333334,6.300000000000001,55.73333333333333,63874886.6175,10433086.226666665,129688.72249999999,4135223.575,220494.95,13519922.125,117474747.72500001,135350388.375,173663.75,23.0,17087.583333333332,23662.391666666663,21202.341666666667,27201.649999999998,10653.833333333332,257500.5166666667,19481.316666666666,9001.066666666666,16341.275000000001,7829.591666666666,2432.45,512098.3068181818,16419.49166666667,4212.191666666667,1519.875,13486.875,3326.125,48116.29166666667,24.7,29.0,-10592.0,-9623.0,-969.0,33.34,0.49,13184.0,14153.0,9.056760271737867
Рязанская область,25.736842105263158,25233.333333333332,97.28333333333335,30737.5,100.48333333333333,82.97,129978.203125,3822.8125,6289.8125,9471.265625,21071.421875,89322.890625,106.94,13.44,158744.3,7.3,2.0,27.5,19.0,2.4,13.8,3.0,0.1,10405.797999999999,1120564.1,21.315384615384616,33.800000000000004,8.333333333333334,57.9,145968320.01833335,28503367.774166662,1539739.241666667,6728878.699999999,1631393.55,39072599.1,312083159.425,359516030.775,172676.875,20.0,10462.2,15681.983333333334,18860.774999999998,15816.133333333333,9389.575,228538.68333333335,14060.033333333333,8096.083333333333,12272.683333333334,8334.766666666666,1795.4916666666666,444457.56666666665,21034.016666666666,4110.741666666667,2555.633333333333,10245.2125,3096.325,43133.61666666667,39.6,27.4,-13105.0,-15944.0,2839.0,27.8,0.75,32833.0,29994.0,9.286213970267294
Смоленская область,26.0,25576.833333333332,98.8,28106.833333333332,100.88333333333333,68.12,74300.453125,2941.453125,5224.4375,6954.90625,13239.9375,45939.71875,150.45,15.78,150257.08,12.4,0.8,25.3,19.4,2.3,9.5,3.1,1.0,7995.596,947728.9,19.411538461538463,34.73333333333333,9.6,55.666666666666664,112168992.16250001,43416043.752500005,1198391.0441666667,10275663.175,1725722.7,54530737.8,207638354.52500004,274170478.25,175697.75,23.0,10635.5,18684.491666666665,17710.841666666667,18194.925,5985.65,259908.90833333333,14905.30833333333,8816.066666666668,16025.683333333332,7585.275,3097.241666666667,475167.3939393939,16557.99166666667,3290.5166666666664,2653.5499999999997,13024.8125,2713.8916666666664,39587.916666666664,49.8,18.3,-11271.0,-12681.0,1410.0,27.82,0.63,30936.0,29526.0,8.43658561008322
Тамбовская область,24.42105263157895,26593.833333333332,97.08333333333333,25865.5,100.73333333333335,57.12,108749.359375,3063.640625,5776.65625,9705.296875,19207.9375,70995.828125,105.46,3.22,144409.12,13.8,2.2,27.0,19.7,2.5,15.3,6.3,0.3,8478.4,1032939.5,17.476923076923075,35.300000000000004,4.866666666666666,59.833333333333336,70662522.22250001,11305940.375833333,116622.23916666668,3787303.6724999994,226047.8,15585229.28,164407488.6225,184006069.29999998,190708.75,20.0,18297.45,14638.808333333334,17074.208333333332,17751.933333333334,10488.8,256063.05833333335,20936.95,10352.816666666666,12080.5,5010.5583333333325,1746.6166666666666,449758.30227272725,11481.766666666666,3083.8916666666664,4335.874999999999,5971.9125,2342.1,33450.75833333333,34.5,28.5,-13436.0,-13427.0,-9.0,38.29,0.67,25131.0,25140.0,8.208031544925912
Тверская область,33.10526315789474,25350.833333333332,98.16666666666667,29876.5,101.35000000000001,113.81,96491.265625,3780.078125,6187.3125,8258.421875,16483.734375,61781.71875,117.88,7.65,153685.6,12.7,3.2,27.2,17.5,2.2,14.3,5.1,0.3,11976.797999999999,1286562.1,21.542307692307695,39.63333333333333,8.566666666666668,51.76666666666667,138132265.47833332,60070779.880833335,976822.2466666667,7650470.09,818245.15,97523356.29999998,310013951.4375,416006022.9275,181005.375,20.0,17452.033333333333,16514.016666666666,19823.983333333334,15935.2,15382.466666666667,273414.5333333333,21597.925000000003,10056.391666666666,15562.375,5713.05,1320.0,511017.63484848477,19729.825,3223.825,2727.816666666666,10612.0875,5125.299999999999,45141.799999999996,84.2,14.6,-15429.0,-17087.0,1658.0,23.67,0.85,37472.0,35814.0,9.309148777194663
Тульская область,26.157894736842106,27441.833333333332,98.10000000000001,33716.0,101.68333333333334,121.16,145857.3125,5135.421875,8911.484375,13998.46875,26049.1875,91762.75,121.12,6.36,172046.4,13.5,4.2,23.6,16.6,2.3,4.7,2.3,0.5,12622.393999999998,1489185.1,15.753846153846155,40.300000000000004,3.0333333333333337,56.633333333333326,306236036.4608333,33197177.71916667,2980981.8641666663,12656186.575000001,6901331.625,52475929.900000006,731226136.6425,803259584.7425,190506.5,23.0,14179.3,15538.991666666667,15240.566666666666,17650.675000000003,9091.316666666666,256451.025,16268.491666666665,9190.9,14114.183333333332,5023.033333333333,1473.1666666666665,455301.47500000003,15860.133333333331,2949.75,2214.4333333333334,4548.4125,2494.15,33908.89166666667,25.7,55.8,-16545.0,-20496.0,3951.0,25.4,0.98,40422.0,36471.0,8.47604102404731
Ярославская область,21.31578947368421,27634.666666666668,97.39999999999999,32216.333333333332,100.16666666666667,86.25,101446.296875,2773.140625,5100.5,7436.015625,14258.34375,71878.296875,120.0,9.04,196090.46,20.5,3.7,23.3,15.8,2.2,5.7,3.7,0.3,12580.795999999998,1260520.7,16.173076923076923,37.800000000000004,6.266666666666667,55.96666666666666,192122134.6591667,27048926.650000002,827185.9833333334,10014057.775,1459038.625,44894081.375,386209357.31749994,442576535.09250003,186015.0,21.0,12854.008333333333,20213.841666666667,18405.89166666667,19963.308333333334,6848.0666666666675,306076.6166666667,14947.891666666666,6542.950000000001,16462.55,7941.908333333333,1816.7416666666668,533851.275,19645.991666666665,4328.658333333333,1844.3500000000001,5676.4875,2931.8833333333328,49965.36666666667,36.2,33.9,-14041.0,-14832.0,791.0,18.58,0.84,30134.0,29343.0,9.980634193472586
Город Москва столица Российской Федерации город федерального значения,9.1,68295.0,99.88333333333334,81277.66666666667,102.01666666666667,881.0,1006747.453125,29759.8125,43911.578125,65045.71875,141911.84375,726118.5,51.82,14.83,666775.68,18.9,5.3,21.4,13.8,2.0,12.8,8.1,0.2,134398.348,12408651.4,13.246153846153845,40.06666666666667,8.633333333333333,51.333333333333336,2816792708.23,455248300.7916667,558527833.0983334,162852200.425,1483556769.8249998,821841736.6,6690318143.4,9158568850.3725,387275.0,17.0,13138.791666666664,17004.324999999997,16457.625,15382.025000000001,7151.908333333334,259144.29166666666,12930.891666666666,5398.125,12379.891666666668,4826.875,1445.1,460477.9409090909,14911.991666666665,2918.9333333333334,465.8333333333333,4778.3375,3098.6,54373.2,2.6,4933.8,-19584.0,-42450.0,22866.0,1.75,8.68,223899.0,201033.0,10.831019719032481
Республика Карелия,12.31578947368421,28694.333333333332,99.56666666666666,37844.333333333336,102.16666666666667,50.81,60903.515625,2050.421875,3218.203125,4374.53125,7758.375,43501.984375,178.84,5.67,201989.98,15.5,6.1,23.2,17.1,2.4,25.3,9.0,1.7,6153.394,622756.7,17.588461538461537,38.63333333333333,6.5,54.9,52378074.73416666,16949711.816666666,36619481.45666666,3682623.8,84099106.925,26187020.175,116973843.5775,230942594.4775,194268.5,24.0,26362.833333333336,21719.15,23862.225000000002,26691.133333333335,13307.866666666667,320714.8333333333,26742.675,10207.241666666667,19930.658333333333,8362.25,3410.35,624171.5893939394,25543.916666666668,4507.683333333333,2823.5750000000003,17479.45,2924.366666666667,54731.71666666667,180.5,3.3,-6004.0,-7327.0,1323.0,18.52,0.41,20431.0,19108.0,9.880895701322844
Республика Коми,19.0,33560.5,96.55000000000001,48616.833333333336,99.83333333333333,85.09,61740.59375,2939.015625,5250.21875,6431.421875,11254.125,35865.8125,159.94,17.06,354481.54,14.2,5.3,21.9,15.5,2.3,27.8,8.1,3.6,9025.598,843315.3,16.673076923076923,37.5,7.5,55.03333333333333,121533592.55916665,32790251.866666663,184665820.1583333,7317547.375,361085663.3,44297418.47,188525587.55,601226216.6949999,188815.5,21.0,15603.908333333333,23241.124999999996,23677.575,28770.058333333334,9245.6,314975.97500000003,21960.333333333332,6929.916666666667,15031.766666666666,7116.675,2061.3916666666664,600423.6477272727,26900.666666666664,4028.75,3825.7749999999996,16359.1,4382.633333333333,50472.0,416.8,1.9,-10113.0,-5866.0,-4247.0,21.53,0.55,27167.0,31414.0,10.70251897481286
Ненецкий автономный округ (Архангельская область),3.176470588235294,76707.66666666667,98.89999999999999,80050.5,100.35000000000001,3.91,2886.296875,134.78125,212.703125,298.578125,506.796875,1733.4375,242.3,8.89,2313806.21,18.6,0.4,31.5,20.9,2.7,21.7,12.8,4.1,655.2,43782.8,9.053846153846154,48.86666666666667,2.8333333333333335,48.26666666666667,3964576.3333333335,1884751.3416666666,143308007.65833333,527223.1875,308749444.075,3981916.7500000005,9904088.049999999,323162672.0625,211975.375,15.0,25871.575,43321.833333333336,40529.41666666667,51580.683333333334,11738.525000000001,402764.6583333333,63470.333333333336,14186.975,24911.35,23047.55,5998.283333333333,888960.7916666667,35395.4,5431.466666666666,4570.683333333333,44409.375,3490.383333333333,63860.39166666666,176.8,0.3,151.0,15.0,136.0,25.33,0.03,2137.0,2001.0,14.964780690134024
Архангельская область (кроме Ненецкого автономного округа),18.555555555555557,31840.0,97.85000000000001,43617.166666666664,102.08333333333333,141.92740740740734,132263.5027221983,5963.832876147446,9320.511764319182,12441.83282833716,22520.017875071717,82017.30737832283,124.82012345679016,14.646419753086418,165659.66,14.5,2.2,24.6,16.9,2.4,13.4,5.9,0.7,19320.4409382716,1115645.8,13.833333333333334,35.83333333333333,7.533333333333334,56.633333333333326,153264700.35,32467938.33,21566304.65,5585370.305,31165007.900000002,33846746.80500001,243549474.995,314146600.005,223904.25,20.337349397590362,26757.73333333333,24350.8,24147.699999999997,26753.23333333333,11249.433333333334,325536.0,34048.76666666667,9730.7,18382.466666666664,7234.5,3174.5333333333333,630336.75,23706.966666666667,4219.466666666667,4356.966666666667,32317.6,3509.333333333333,68201.86666666667,413.1,2.6,-12880.0,-10803.0,-2077.0,21.26,0.73,34462.0,36539.0,17.317719421586673
Вологодская область,36.36842105263158,27058.5,98.88333333333333,34297.833333333336,102.36666666666667,102.78,95508.515625,2941.359375,5271.265625,7105.5625,15329.828125,64860.5,99.68,9.18,228138.93,9.6,2.9,22.9,16.9,2.2,13.6,3.4,0.3,12704.998,1174751.0,17.86923076923077,38.06666666666667,6.666666666666668,55.23333333333333,354879365.94416666,28731716.145833332,367301.6333333333,8383994.975,669063.05,40798652.67,674438091.52,724289802.215,157430.5,25.0,13258.616666666669,22168.550000000003,16821.716666666667,15240.44166666667,10874.341666666665,305482.93333333335,17816.216666666667,7353.2,18553.075,6624.241666666667,1546.775,543414.3121212121,22218.308333333334,2759.1,1968.033333333333,11495.15,3118.9083333333338,46669.25,144.5,7.9,-11543.0,-10658.0,-885.0,27.13,0.78,23295.0,24180.0,10.81505612678772
Калининградская область,15.473684210526315,27261.166666666668,99.15000000000002,32327.0,99.25,71.19,68798.703125,2761.578125,4389.484375,5888.078125,10831.0,44928.5625,92.16,8.3,204617.41,13.4,5.9,23.1,15.6,2.3,12.4,5.1,1.5,10409.594000000001,990514.5,19.984615384615385,35.83333333333333,10.5,53.63333333333333,258909894.70083335,17959557.593333334,14360526.964999998,6931951.5,17517609.650000002,40667273.05,554925126.585,620041960.7850001,168368.75,10.0,23084.574999999997,18251.24166666667,17865.36666666667,17264.583333333332,10792.15,243180.98333333334,24866.325,7068.8,12430.958333333332,4474.466666666666,3555.2666666666673,459774.9257575758,19485.641666666666,3165.175,2004.6666666666667,10171.275,2843.166666666667,28937.425000000003,15.1,67.9,9054.0,-7026.0,16080.0,22.25,0.71,52778.0,36698.0,10.50927977328954
Ленинградская область,29.57894736842105,30088.166666666668,102.33333333333333,41325.333333333336,101.14999999999999,77.03,134816.28125,4158.265625,7498.25,9914.75,19957.359375,93287.65625,95.91,17.78,264457.96,15.7,4.5,24.7,17.0,2.1,12.2,7.2,1.6,14418.6,1820322.4,21.51923076923077,16.833333333333332,7.8,42.06666666666666,457781189.60666674,84030706.22583333,10427031.123333333,16499354.325,14594450.200000001,144040150.25,1052756373.95,1227890328.725,217592.5,16.0,10808.341666666667,11457.583333333332,10753.258333333333,12550.491666666669,6885.566666666667,215703.8916666667,13470.95,6988.416666666667,9215.033333333333,3764.5916666666662,950.1833333333333,364377.7196969697,14020.9,2686.8166666666666,1740.7583333333332,6358.2125,3426.0166666666664,24981.25833333333,83.9,22.8,18875.0,-19097.0,37972.0,32.84,1.31,108021.0,70049.0,7.920904560642665
Мурманская область,4.166666666666667,40922.5,98.56666666666666,56300.333333333336,101.86666666666666,83.12,28269.859375,1545.640625,2382.046875,3147.859375,4506.234375,16688.078125,114.11,26.15,312435.43,12.7,3.7,23.9,17.7,2.2,18.3,6.8,0.6,7390.197999999999,753786.7,15.803846153846154,39.23333333333333,4.966666666666666,55.73333333333333,85877060.96000001,42853487.425000004,69079713.38333334,9267728.58,136686851.2,57964703.940000005,353013923.45,556933207.175,223746.25,21.0,11401.033333333333,20210.69166666667,20222.208333333332,21731.733333333334,9283.816666666666,282048.5083333333,22796.175,6145.666666666668,14632.766666666666,9072.716666666667,624.2166666666667,535997.6037878788,21714.15,4452.541666666667,4595.341666666667,14100.2375,3372.5,51257.45,144.9,5.0,-8412.0,-5547.0,-2865.0,7.95,0.5,28239.0,31104.0,9.804097100678481
Новгородская область,17.57894736842105,25706.0,95.76666666666665,30229.333333333332,99.26666666666667,47.22,57815.109375,1981.453125,3455.375,4428.796875,9174.40625,38775.078125,154.24,12.1,196229.28,12.5,1.2,25.6,17.6,2.3,12.7,3.9,0.0,5881.394,607702.6,19.51923076923077,31.066666666666663,9.233333333333333,59.666666666666664,114025137.4925,11908951.354166666,1101667.5,3294941.05,1221826.225,20157764.0,198496487.55,223171018.7,189817.125,22.0,11862.983333333334,15031.316666666668,16878.066666666666,17380.375,11419.625,293485.55000000005,27980.8,10133.216666666667,12113.016666666666,6368.174999999999,2234.291666666667,528325.6507575758,17583.524999999998,4158.45,814.9166666666665,10871.975,3355.758333333333,46973.333333333336,54.5,10.8,-6286.0,-8547.0,2261.0,28.14,0.4,23747.0,21486.0,9.678079376326513
Псковская область,19.94736842105263,23780.166666666668,98.08333333333331,25903.166666666668,100.93333333333332,50.41,47622.390625,2184.15625,3723.296875,4585.0625,7771.265625,29358.609375,147.66,11.18,122982.07,14.8,6.0,23.0,15.0,2.1,14.9,6.5,0.0,5887.195999999999,638363.1,23.21153846153846,36.733333333333334,6.333333333333333,56.900000000000006,52075401.19916666,8687586.341666665,577521.4,5282303.75,1959051.65,11748870.575,111416275.9,130406501.875,178524.0,21.0,9438.266666666666,15844.333333333334,11185.324999999997,12246.775000000001,9952.258333333333,249939.46666666667,14221.558333333334,6432.866666666666,10691.883333333331,3718.766666666667,862.4250000000001,429496.4393939394,17406.166666666668,2184.8166666666666,4427.991666666668,5994.3375,3774.05,38961.85833333333,55.4,11.1,-6893.0,-8331.0,1438.0,28.86,0.42,25843.0,24405.0,9.222331303297448
Город Санкт-Петербург город федерального значения,51.46027703479052,43499.0,101.14999999999999,56931.666666666664,102.66666666666667,341.84,572592.859375,13114.96875,20130.828125,28119.0,59009.390625,452218.671875,44.92,18.91,355494.41,14.2,3.7,25.1,15.7,2.1,10.7,5.8,0.1,63572.59199999999,5275463.5,13.926923076923078,17.433333333333334,3.266666666666667,46.0,1383325738.4758334,131436005.96416666,5593340.785833334,66071914.125,29306675.700000003,211623404.925,2520337441.5249996,2827339436.275,260450.875,16.0,13959.850000000002,18574.183333333334,17249.766666666663,22492.375,12589.199999999999,284612.98333333334,19103.925000000003,7877.549999999999,15757.733333333332,6986.258333333333,2122.108333333333,558539.8583333333,27352.0,4125.033333333334,1992.4916666666666,16753.4375,2929.966666666667,62018.941666666666,1.4,3843.8,-6839.0,-30736.0,23897.0,0.0,3.69,198284.0,174387.0,12.050617353337767
Республика Адыгея (Адыгея),18.42105263157895,26924.666666666668,100.25,26584.666666666668,101.66666666666667,27.25,33111.015625,1471.890625,2425.1875,3747.359375,6769.390625,18697.1875,117.07,27.54,107133.49,27.4,5.4,27.0,19.6,3.1,22.1,11.4,3.0,4673.197999999999,454754.1,25.48076923076923,38.56666666666667,11.0,50.43333333333334,21630133.006666664,1978505.1508333331,1390425.5833333335,1750526.5750000002,3066325.625,3044502.0250000004,50554393.625,58415747.85,207161.5,20.0,18477.733333333334,20798.7,14269.0,15539.0,11274.966666666665,143886.13333333333,15226.9,9376.866666666667,13386.866666666667,4527.7,796.0333333333333,354680.3333333334,9490.633333333335,2405.0666666666666,2662.4,31648.399999999998,1462.0,50986.13333333333,7.8,60.1,5173.0,-2724.0,7897.0,52.96,0.32,22910.0,15013.0,10.276318564252636
Республика Калмыкия,18.36842105263158,17105.666666666668,100.41666666666667,25170.833333333332,102.66666666666667,21.28,21294.625,1801.3125,1943.15625,2199.25,4838.34375,10512.5625,87.81,12.11,110568.75,18.0,2.7,30.7,20.2,3.1,7.9,6.5,0.0,3031.2,276019.6,41.79615384615385,24.766666666666666,2.5,39.4,825058.005,1985073.0041666667,1388639.7833333334,14903850.246445788,195542090.9908735,2943488.7249999996,866245.105,5976591.147500001,76250.25,22.0,29714.377777777776,25985.51111111111,24479.06666666667,34001.76666666667,17369.911111111112,459945.30000000005,35459.31111111111,17285.644444444446,21416.8,9232.511111111111,1221.4222222222222,804171.1555555556,30922.822222222225,5185.166666666666,3431.922222222222,28210.0,6156.533333333334,42371.41111111111,74.7,3.6,-2228.0,-954.0,-1274.0,53.57,0.18,11046.0,12320.0,10.981828826648544
Республика Крым,59.285714285714285,20024.166666666668,102.58,28219.0,103.42,141.92740740740734,123502.484375,5288.140625,10515.5625,15501.734375,28008.671875,64188.375,124.82012345679016,14.646419753086418,59827.65,10.9,4.9,27.5,19.0,2.6,10.0,2.8,0.4,19320.4409382716,1734834.1012048197,19.583333333333332,42.43333333333333,6.433333333333334,51.133333333333326,51682504.14333334,23376290.066666666,7821203.416666667,7529568.524999999,12125549.15,39936970.975,92924518.435,152516607.085,128618.875,13.0,12020.366666666667,11505.0,8506.1,13353.133333333333,3486.0,170707.3333333333,6613.966666666666,7966.933333333333,11702.133333333335,7061.166666666667,1433.8666666666666,315427.25,13529.866666666667,2319.666666666667,482.2666666666667,39725.799999999996,1586.0333333333333,26711.0,26.1,72.7,-5185.0,-17528.0,12343.0,49.26,1.3,53891.0,41548.0,11.136765714285767
Краснодарский край,183.94736842105263,34074.5,99.39999999999999,32387.0,100.98333333333333,296.69,424611.85714285716,18650.666666666668,27626.238095238095,40019.69841269841,74018.01587301587,264297.2380952381,82.94,22.24,190935.8,17.9,3.7,26.9,18.1,2.8,15.1,6.7,1.0,64975.78999999999,5557097.4,20.807692307692307,41.4,8.4,50.199999999999996,430656832.24916667,82268821.63916667,18714046.99,30647632.3225,48578062.05,115584589.76499999,958763552.8225,1153573836.96,245824.75,21.0,24253.8,29737.644444444442,30390.066666666666,28160.244444444445,21958.21111111111,326740.3666666667,41195.25555555556,18232.277777777777,24190.477777777778,9711.322222222221,2494.222222222222,700791.8944444444,22488.13333333333,5946.655555555555,4106.7555555555555,28373.885714285716,3843.822222222222,76068.44444444444,75.5,75.3,3431.0,-37212.0,40643.0,44.09,3.91,176448.0,135805.0,11.692397185624277
Астраханская область,36.0,23899.5,96.59999999999998,31866.5,102.33333333333333,95.94,43462.765625,2799.265625,3981.234375,4850.640625,8200.5625,23631.0625,115.07,8.46,186836.0,19.4,3.1,24.9,19.2,2.3,16.4,5.3,0.2,12061.398,1011370.4,20.365384615384617,39.53333333333333,4.7,55.73333333333333,43758382.678333335,15747585.641666666,53711699.40833333,5713025.7975,290498866.85,28662224.7,67181972.225,392056089.5725,172729.0,25.0,25800.71111111111,35231.37777777778,24176.977777777778,35626.33333333333,20873.12222222222,372140.52222222224,30635.48888888889,16163.177777777779,28390.533333333333,12933.055555555557,4104.322222222222,734137.1722222222,28589.81111111111,5279.333333333333,9833.0,19081.571428571428,8032.733333333334,56710.52222222222,49.0,20.2,-8348.0,-5590.0,-2758.0,33.66,0.68,19205.0,21963.0,11.925796918715438
Волгоградская область,73.42105263157895,22899.0,97.73333333333335,29850.666666666668,101.75,213.94,172056.96875,6766.96875,11859.984375,16662.953125,29750.171875,107016.890625,105.53,15.5,161774.26,13.9,3.3,25.6,17.9,2.5,12.1,6.2,0.6,23556.39,2523482.2,19.73846153846154,37.166666666666664,6.966666666666666,55.800000000000004,416016616.91166663,46468436.923333324,33464787.875833333,18490929.3,51153306.375,71067731.9375,821964051.3824999,962676018.995,153452.0,24.0,39203.76666666667,30807.82222222222,21196.955555555556,35791.955555555556,13684.21111111111,435370.89999999997,31041.56666666667,16028.733333333332,23966.1,10914.244444444445,2965.4777777777776,816814.85,31557.877777777776,5008.055555555556,6463.488888888889,33217.57142857143,6056.6,72824.3,112.9,21.7,-24775.0,-27085.0,2310.0,22.37,1.68,57650.0,55340.0,9.33487464266639
Ростовская область,151.52631578947367,28582.5,99.46666666666668,30170.666666666668,101.26666666666665,342.41,350653.171875,15623.0,30333.125,43332.5,76227.625,185136.921875,77.24,10.5,152250.33,12.8,3.5,25.8,18.2,2.8,13.8,6.7,0.5,41639.77999999999,4216542.2,18.95,39.199999999999996,6.033333333333334,54.76666666666667,406288954.31666666,77941878.67083335,16691968.58083333,35008989.025000006,32842315.625,153807890.14499998,850696384.9125,1072355579.6075,217976.125,24.0,30632.066666666666,38520.6,38082.01111111111,48616.833333333336,32988.2,476091.5111111111,53678.63333333334,21255.588888888888,28361.066666666666,12855.277777777777,1859.5222222222221,939915.1888888889,24263.600000000002,6249.3,3315.4,28078.399999999998,3459.211111111111,88956.01111111112,101.0,41.1,-27723.0,-42745.0,15022.0,31.92,2.85,111494.0,96472.0,9.875338138439593
Город федерального значения Севастополь,1.5,26865.833333333332,109.78,29421.5,105.16,141.92740740740734,20196.390625,788.8125,1483.296875,2076.765625,3361.046875,12486.46875,124.82012345679016,14.646419753086418,66155.13,19.7,6.8,21.5,13.7,2.2,6.8,3.9,1.2,19320.4409382716,1734834.1012048197,11.85,41.46666666666667,4.966666666666667,53.5,9843158.233333332,4564392.233333333,457727.26666666666,14903850.246445788,195542090.9908735,9683072.7,14017744.65,28074537.674999997,138725.75,13.0,22628.9,13019.966666666667,10065.233333333334,7032.033333333334,8058.166666666666,187286.63333333336,8306.666666666668,4225.900000000001,11837.6,2338.4,846.6,346522.73333333334,16901.433333333334,3949.0,2779.366666666667,24524.7,1518.0,36527.066666666666,0.9,604.2,12065.0,-3325.0,15390.0,5.78,0.36,32710.0,17320.0,11.136765714285767
Республика Дагестан,338.4736842105263,26623.333333333332,97.89999999999999,24190.166666666668,103.56666666666666,263.28,297790.75,36471.125,44024.890625,59044.53125,77186.125,81064.078125,30.89,16.43,94801.81,23.3,2.8,29.9,22.5,3.6,16.0,7.2,0.7,48645.588,3050591.3,30.815384615384616,40.43333333333333,7.033333333333334,52.5,21447574.55,11324748.274166666,2847845.2125,2125155.1750000003,5012344.35,19621097.549999997,44104514.0,70863111.075,193686.75,25.0,27119.044444444444,49244.57777777778,22411.644444444442,43704.433333333334,22717.222222222223,239588.98888888888,88756.54444444446,15566.077777777778,25575.922222222223,25502.255555555555,2224.0222222222224,762548.2944444445,34209.8,2785.8777777777777,4602.144444444444,57346.885714285716,3650.222222222222,74081.75555555556,50.3,62.7,20554.0,24053.0,-3499.0,54.67,2.17,40176.0,43675.0,15.946281627434
Республика Ингушетия,55.73684210526316,16064.166666666666,98.25,24857.333333333332,100.03333333333332,70.41,55498.84375,6624.046875,6869.171875,12515.953125,15937.4375,13552.234375,1.09,3.62,57095.11,5.0,0.0,38.2,27.8,4.9,4.6,0.4,0.0,8099.998,484452.7,50.49615384615385,40.36666666666667,8.799999999999999,50.800000000000004,1608993.5033333332,1151699.3916666666,810031.225,587482.925,1163110.425,1183899.9375,2084606.875,5019100.1625,48984.875,26.0,40568.399999999994,44487.72222222222,37894.68888888889,29126.222222222223,32516.82222222222,232261.2888888889,72713.66666666666,38200.46666666666,23104.055555555555,14911.111111111111,557.3555555555555,741681.3166666667,42801.666666666664,3146.222222222222,7807.111111111111,68268.58571428571,572.7777777777778,49353.28888888889,3.6,144.4,8494.0,6321.0,2173.0,44.23,0.36,7889.0,5716.0,16.719894429321997
Кабардино-Балкарская Республика,45.68421052631579,20569.666666666668,98.83333333333333,24720.166666666668,100.51666666666667,66.19,56662.09375,3804.203125,5019.453125,7246.375,13832.234375,26759.828125,79.67,23.37,84900.38,26.1,3.0,25.8,18.9,3.3,13.0,11.3,0.5,10948.196,864483.5,29.292307692307695,35.13333333333333,12.4,52.5,22750570.37333333,6757558.425000001,162456.30833333332,1335262.55,323572.94999999995,9138004.9,32968677.869999997,43765518.245,150254.0,23.0,11239.5,14866.822222222223,8581.533333333333,15579.0,10751.133333333333,202079.0888888889,40223.666666666664,8507.477777777778,12416.211111111112,13753.58888888889,2093.8555555555554,460025.63333333336,12677.466666666665,2330.722222222222,3939.966666666667,23890.1,2142.9555555555553,57991.92222222222,12.5,69.8,1296.0,1046.0,250.0,48.0,0.6,10324.0,10074.0,12.664436047651575
Карачаево-Черкесская Республика,27.63157894736842,18200.166666666668,96.46666666666665,24490.833333333332,101.10000000000001,32.28,50729.140625,3784.125,4898.234375,7683.21875,13059.609375,21303.953125,61.13,21.38,84695.49,23.2,5.8,24.3,18.3,2.9,25.1,14.0,1.7,5184.992,467194.5,31.63076923076923,37.36666666666667,9.966666666666667,52.666666666666664,20630553.966666665,4749374.458333333,1542925.625,1281382.0,2770560.175,9519976.8,29686571.650000002,43258490.625,82096.0,21.0,18545.277777777777,33072.711111111115,20271.355555555554,29323.94444444444,16919.48888888889,261594.55555555553,25670.355555555558,18157.466666666667,22407.622222222224,10622.366666666667,2615.111111111111,568137.9222222222,25463.88888888889,4291.7,6094.688888888888,26602.957142857143,2122.111111111111,33606.47777777778,14.3,32.5,-1138.0,-1178.0,40.0,57.09,0.32,11987.0,11947.0,11.09814434887397
Республика Северная Осетия-Алания,30.05263157894737,23077.5,97.98333333333333,25829.333333333332,101.43333333333334,65.25,62072.515625,2913.921875,3940.265625,6606.09375,13072.390625,35539.84375,61.92,7.99,102162.87,18.5,12.7,23.7,16.4,3.1,11.2,4.8,2.2,8954.8,700145.4,21.97307692307692,34.666666666666664,10.266666666666667,55.1,16714006.906666666,5537138.0825000005,404558.3708333333,1569211.8000000003,674591.775,9059991.525,21136800.55,32440595.65,159209.5,21.0,12942.344444444447,20019.044444444447,16165.2,9526.188888888888,7038.0888888888885,150938.03333333335,9419.211111111112,7398.277777777778,14182.277777777777,2568.511111111111,1852.5888888888887,327561.43333333335,9010.8,1651.1777777777777,5054.355555555556,5803.371428571429,1182.2444444444443,41436.777777777774,8.0,86.2,-4974.0,-1764.0,-3210.0,35.77,0.47,7014.0,10224.0,12.789914780558437
Чеченская Республика,271.8421052631579,23330.5,99.10000000000001,25364.0,99.58333333333333,127.69,162238.546875,24248.171875,37357.90625,39573.0625,35063.5,25995.90625,19.39,10.08,59785.5,18.2,1.4,24.6,19.2,4.3,19.1,9.6,0.4,29584.379999999997,1423754.7,9.405555555555557,46.79999999999999,6.8,46.4,4133295.090000001,7446640.7,4772791.39,1735623.35,5169622.175,19031511.15,10858456.4,36795213.075,114393.5,27.0,14057.322222222223,31720.144444444446,13613.955555555556,24004.5,18783.266666666666,153287.15555555554,24330.17777777778,27080.177777777775,23017.811111111114,8169.055555555555,821.7444444444445,430589.6388888889,18113.411111111112,2033.0222222222221,2061.5444444444447,35084.985714285714,2163.111111111111,26375.277777777777,15.6,96.9,18395.0,20569.0,-2174.0,61.97,1.04,14505.0,16679.0,20.779127190940965
Ставропольский край,124.0,22733.166666666668,96.60000000000001,28220.5,100.78333333333335,199.72,211662.6507936508,9481.396825396825,14515.746031746032,22126.349206349205,44110.555555555555,121428.60317460318,52.27,17.43,120022.12,14.1,3.1,26.9,19.0,2.8,16.2,7.5,0.5,31012.190000000002,2796323.6,24.930769230769233,39.06666666666666,5.333333333333333,55.56666666666666,146221559.61666667,54364569.515000015,7064759.045833333,11092583.875,10890881.375,77458091.94999999,290906191.5,390347748.75,179641.75,26.0,20815.81111111111,22931.344444444447,15924.755555555555,28514.37777777778,15730.144444444444,368620.4555555556,21318.555555555555,13023.866666666667,15083.266666666666,6639.777777777777,2665.366666666667,667523.4444444445,23006.36666666667,4312.022222222222,6137.377777777778,26541.2,2672.9777777777776,69156.95555555556,66.2,42.0,-12592.0,-15564.0,2972.0,40.66,1.91,74516.0,71544.0,11.090343764219565
Республика Башкортостан,178.52631578947367,28903.333333333332,97.21666666666668,32225.0,102.11666666666667,334.19,250072.375,11407.53125,16441.484375,20459.15625,41559.578125,160204.625,100.58,9.46,186549.52,17.9,4.5,23.3,17.4,2.4,16.8,7.9,0.3,47044.581999999995,4050859.1,17.692307692307693,40.1,5.833333333333333,54.099999999999994,705715702.0341667,77716106.07833333,126270436.49083333,25599343.475,267563216.325,132644913.7675,1203815317.3700001,1629622790.9374998,214527.5,19.0,18644.208333333332,20783.083333333332,18576.358333333334,24834.541666666664,15983.724999999999,201434.5,29177.725,11440.741666666665,14572.933333333332,8385.725,712.9666666666667,469550.04545454547,14696.816666666668,3009.0666666666666,4038.683333333333,8274.9875,2811.5833333333335,51963.775,142.9,28.0,-12108.0,-26674.0,14566.0,37.1,2.75,147699.0,133133.0,11.613482680747891
Республика Марий Эл,27.894736842105264,19778.333333333332,98.05,26877.5,101.75,47.59,61982.296875,2697.96875,3903.234375,4791.671875,10437.953125,40151.46875,125.17,6.55,119959.91,13.2,5.8,24.1,16.5,2.4,19.7,9.0,1.0,7692.794,682593.6,35.107692307692304,36.3,4.666666666666667,59.03333333333333,72089696.67416666,8614961.415000001,308011.85833333334,5623352.95,736715.275,11831215.7775,153565910.3975,171757194.4,126086.25,21.0,16495.158333333333,20247.316666666666,19415.558333333334,19463.683333333334,14829.241666666669,234661.8,20745.291666666668,7267.425,11279.716666666667,7286.408333333335,1243.3250000000003,473913.3856060606,19147.64166666667,3390.55,2300.025,8177.012500000001,3346.633333333333,48358.125,23.4,28.7,-3877.0,-4837.0,960.0,32.02,0.46,20969.0,20009.0,11.269947447500241
Республика Мордовия,17.473684210526315,18784.166666666668,99.14999999999999,26038.0,102.38333333333333,48.06,68442.4375,2426.140625,3976.15625,5866.15625,12985.671875,43188.3125,133.36,7.59,129067.2,9.6,3.8,26.2,20.0,2.7,6.1,3.3,0.0,6600.99,799599.9,29.63076923076923,33.36666666666667,7.5,59.20000000000001,89569408.15750001,9645353.6225,165807.36666666664,4474408.025,94286.04999999999,12515915.0,200033500.375,217118109.425,114001.0,18.0,17626.45,18485.166666666668,15278.891666666666,20689.416666666668,12936.983333333334,211151.59166666665,19712.091666666667,10882.283333333333,15708.425,7126.025000000001,1623.4083333333335,425218.85454545455,17323.041666666668,3253.25,2475.933333333333,7417.2125,4538.175,30442.524999999998,26.1,29.5,-8292.0,-9183.0,891.0,35.55,0.53,20204.0,19313.0,8.25536621502829
Республика Татарстан (Татарстан),81.26315789473684,33778.333333333336,98.43333333333334,34007.666666666664,100.85000000000001,315.19,281047.328125,12739.078125,18125.34375,24813.390625,53466.5625,171902.953125,76.77,11.97,275448.46,17.4,3.4,23.7,16.2,2.5,14.5,7.4,0.6,46951.384,3874560.3,13.38846153846154,40.666666666666664,8.933333333333334,50.4,814655251.6233335,92076514.88583334,320460850.40416664,37070421.074999996,625296919.375,139786086.1025,1853920125.825,2656073552.4775,228115.25,12.0,19398.824999999997,15924.941666666666,19337.641666666666,20363.708333333336,10263.666666666666,212879.2083333333,20103.1,11480.816666666668,13138.291666666668,6115.0,1589.2416666666668,458120.7992424242,17382.916666666664,2824.233333333333,4715.775000000001,19457.125,1771.3583333333333,50270.60833333334,67.8,57.3,-7725.0,-19173.0,11448.0,23.15,2.67,96759.0,85311.0,12.11786121898787
Удмуртская Республика,55.1578947368421,24368.833333333332,98.85000000000001,30437.0,102.60000000000001,131.03,103264.71875,4525.015625,7720.1875,9604.890625,17993.453125,63421.171875,112.39,10.12,185753.64,13.3,3.4,20.8,14.8,2.4,13.7,6.0,0.6,16913.0,1508540.9,20.923076923076923,40.666666666666664,7.466666666666666,51.866666666666674,164591516.29583335,25181899.531666666,104587955.0725,10125888.625,221480490.5,40183564.65,360656412.34000003,632446356.115,150757.625,19.0,32945.308333333334,17897.56666666667,14143.316666666664,20211.333333333336,12274.358333333334,287589.19166666665,20082.333333333336,7938.575000000001,15155.241666666667,3378.7666666666664,1819.9500000000003,538561.2825757575,24619.791666666668,3166.083333333334,2457.8,11118.275,2754.8416666666667,51822.34166666667,42.1,35.3,-8896.0,-8954.0,58.0,33.7,1.02,38819.0,38761.0,11.211495823547112
Чувашская Республика - Чувашия,32.578947368421055,18919.666666666668,98.88333333333333,26226.333333333332,102.11666666666666,77.94,77342.921875,3631.484375,5138.0,7219.0625,13658.078125,47696.296875,135.17,2.94,118592.18,20.0,8.0,20.7,14.2,2.3,27.2,14.2,0.3,13276.198,1227261.1,26.207692307692305,36.46666666666667,6.199999999999999,57.36666666666667,111298810.46166666,18346757.383333337,543062.1583333333,6453356.65,725413.175,25697725.0075,204777269.7675,237653764.60000002,126458.0,23.0,25945.68333333333,23717.975,19653.975,33403.74166666667,19126.350000000002,231299.45833333337,28007.65,11484.616666666665,20713.950000000004,11098.508333333333,5371.408333333333,533017.7484848484,20771.025,3633.0916666666662,1561.533333333333,8717.275,3546.866666666667,47901.99166666667,18.3,65.3,-9446.0,-9368.0,-78.0,35.81,0.82,36277.0,36355.0,10.817745302935128
Пермский край,90.26315789473684,29534.333333333332,96.31666666666666,34850.166666666664,101.98333333333333,254.78,201307.8125,8210.53125,13449.796875,16326.65625,28786.953125,134533.875,163.14,23.34,233702.96,12.3,3.1,22.7,16.0,2.4,15.1,5.3,0.4,30214.586,2614344.8,17.21153846153846,40.199999999999996,5.666666666666667,54.1,619639542.0841666,82067976.67,151549014.95,26809566.950000003,341889802.15,123513130.48,1070773341.0199999,1562985840.6,202080.5,22.0,19439.733333333337,19343.35,18252.866666666665,23144.35,11616.283333333333,267388.2916666666,25583.058333333334,7659.175,16142.95,7572.800000000001,3742.025,538495.7924242425,24551.116666666665,3415.8083333333334,4935.591666666666,9074.8125,4067.4833333333336,55271.00833333334,160.2,16.0,-22409.0,-19074.0,-3335.0,24.11,1.76,69223.0,72558.0,11.557230706523486
Кировская область,33.36842105263158,22453.333333333332,97.45,26929.0,102.11666666666667,99.75,121338.375,3628.625,6269.6875,7885.3125,16715.90625,86838.84375,116.49,3.87,121634.05,11.1,3.2,22.9,14.9,2.2,16.2,3.3,0.3,12923.198,1282621.3,24.096153846153847,37.166666666666664,5.6000000000000005,57.199999999999996,116681756.88833334,26595632.540000003,641998.9291666667,7252260.34,1719270.2149999999,40387686.115,231496545.42,280855762.09,151045.75,23.0,21446.333333333332,17729.825,15763.858333333334,13637.766666666666,7294.033333333333,261584.10833333334,12629.899999999998,6879.625,12243.025,7612.883333333333,917.9583333333333,468920.8666666667,20001.524999999998,2449.775,4094.333333333334,7188.0375,3750.291666666667,45221.025,120.4,10.3,-15393.0,-14034.0,-1359.0,21.35,0.85,42213.0,43572.0,10.075614680654375
Нижегородская область,64.73684210526316,31542.666666666668,97.25,31838.166666666668,100.59999999999998,279.69,284716.5,9706.953125,14261.125,19492.4375,40024.625,201231.359375,95.32,12.28,195429.78,16.5,2.7,24.0,17.5,2.3,8.8,3.9,0.2,32317.784000000003,3232264.7,16.303846153846152,36.900000000000006,8.733333333333333,54.4,765519563.6658334,72441871.18250002,1246256.4258333333,31076052.9,1645956.175,106809487.195,1371244527.14,1510776023.4099998,223176.125,21.0,12582.516666666666,18522.016666666666,19792.925,17621.533333333333,17045.716666666667,293145.3416666667,16837.841666666667,8394.175,16562.583333333336,4946.083333333334,2999.7833333333333,528734.4022727271,17281.383333333335,3529.6416666666664,1005.6166666666668,19345.975,2774.625,40974.683333333334,76.6,41.0,-32298.0,-36740.0,4442.0,20.13,2.16,67348.0,62906.0,9.998495482130533
Оренбургская область,102.57894736842105,23430.833333333332,97.58333333333333,29429.0,101.88333333333333,156.5,187570.1875,6932.421875,10567.65625,13582.0,29209.0,127279.109375,137.71,7.84,222197.16,16.3,3.3,25.9,19.0,2.8,13.4,4.6,1.0,22018.792,1977516.8,21.876923076923074,42.86666666666667,5.8999999999999995,51.199999999999996,180582122.57000002,63033010.95250001,257009857.38666666,19409165.375,500766822.09999996,63039287.6425,322163991.5375,905379266.655,156428.5,25.0,20174.95,22454.75,15745.291666666668,20927.816666666666,9376.575,234319.31666666665,19642.05,11218.925,13017.125,8102.516666666667,2939.6416666666664,481638.01136363635,17583.766666666663,3643.458333333333,2086.3000000000006,16647.7375,4471.158333333333,46902.025,123.7,15.6,-18337.0,-18297.0,-40.0,38.93,1.32,50227.0,50267.0,11.134566340978747
Пензенская область,31.736842105263158,22056.0,98.34999999999998,27877.666666666668,101.28333333333335,89.09,95446.859375,3387.234375,5672.9375,8138.375,15973.65625,62274.65625,170.72,11.18,131569.24,12.7,3.9,23.4,16.9,2.5,8.3,2.3,0.1,11431.598,1329537.2,24.615384615384617,38.833333333333336,8.4,52.833333333333336,101560784.1725,15182047.8225,1026599.5333333333,6365299.6,1310516.0499999998,22272335.0,219651229.27499998,249599379.925,156993.75,21.0,12099.158333333333,18888.216666666667,20604.383333333335,16701.024999999998,8746.941666666666,237156.84999999998,30267.408333333333,11555.191666666666,13564.491666666667,5275.583333333334,953.0416666666667,468187.375,17932.216666666667,3828.3416666666667,3655.958333333334,6808.875,4164.933333333333,38524.200000000004,43.4,29.4,-16836.0,-16202.0,-634.0,30.82,0.88,24145.0,24779.0,8.598178373647613
Самарская область,51.31578947368421,28243.0,96.21666666666668,32428.166666666668,101.14999999999999,228.81,210161.09375,8511.796875,14495.59375,20473.875,38955.4375,127724.390625,99.25,18.79,222191.0,16.7,3.7,24.6,16.9,2.4,14.2,7.0,0.3,33113.39,3188877.4,17.623076923076923,40.53333333333333,4.666666666666667,54.79999999999999,646450014.7233332,88296281.49499999,140649758.235,43516514.6225,321398093.875,127211276.0075,1077986398.2,1570112282.705,203803.375,22.0,17169.175,17990.291666666664,18897.933333333334,27129.375,12797.75,298855.05833333335,25276.183333333334,8637.475,16303.191666666666,6594.65,2777.666666666667,561918.5909090909,20189.7,4855.683333333333,4934.0666666666675,7719.875,3153.5916666666667,51337.16666666667,53.6,58.5,-22444.0,-30177.0,7733.0,20.34,2.15,71398.0,63665.0,10.384027306913712
Саратовская область,56.68421052631579,21397.5,99.13333333333333,26983.166666666668,101.88333333333333,211.22,135113.0625,6233.359375,9956.984375,13588.265625,24971.34375,80363.109375,103.03,7.38,140879.3,15.0,3.7,23.7,17.8,2.5,13.3,6.5,1.7,22393.992,2454140.0,24.03076923076923,39.56666666666666,6.633333333333333,53.833333333333336,201457771.28583333,72236255.24833333,17707827.7125,14753419.850000001,35468509.6,97675384.84,397223946.305,545121260.595,145571.875,25.0,17400.983333333334,17805.516666666666,16690.416666666664,22100.041666666668,11376.441666666666,215383.90833333333,17186.23333333333,10870.766666666666,13003.941666666666,8303.183333333334,3350.241666666667,440399.39924242423,15149.375,3039.208333333333,2808.1250000000005,13723.75,2647.3083333333334,36825.45833333333,101.2,23.3,-34152.0,-29979.0,-4173.0,24.15,1.62,50439.0,54612.0,9.124985534647575
Ульяновская область,28.736842105263158,23282.833333333332,96.45,27494.666666666668,101.10000000000001,114.41,110231.703125,4308.59375,7030.796875,9228.34375,20290.609375,69373.359375,146.13,16.12,138229.25,11.3,1.0,25.7,17.9,2.4,13.2,7.9,0.5,12077.797999999999,1245225.1,21.746153846153845,34.63333333333333,5.5,59.866666666666674,136119263.2775,20045433.276666667,7042442.875,9299930.025,10636486.84,27296490.200000003,276551226.4775,323784133.5425,150406.5,24.0,14647.366666666665,22022.875,20436.7,26620.025,15880.508333333335,258813.60833333334,19969.5,9853.158333333333,15311.825,8801.175000000001,2431.6833333333334,528677.8022727272,26333.700000000004,4999.675,5706.325,6130.575,2655.316666666667,48083.49166666667,37.2,32.4,-14350.0,-13725.0,-625.0,23.62,0.83,24279.0,24904.0,9.699288907684238
Курганская область,47.0,20773.833333333332,95.83333333333333,27134.166666666668,101.46666666666665,72.41,72633.921875,3026.421875,4957.421875,6345.546875,12059.234375,46245.296875,134.54,24.76,119218.7,10.5,3.9,23.0,16.7,2.4,26.1,5.7,0.9,8788.6,848021.1,29.700000000000003,39.56666666666666,4.566666666666666,55.9,58467254.14166666,15639197.663333332,1720030.7166666668,3600096.6575,3381283.325,20621190.39,112741248.485,140343818.85750002,135104.125,24.0,16114.241666666665,26288.833333333336,18760.691666666666,16800.966666666667,13577.48333333333,239994.775,29849.49166666667,10384.258333333333,10403.2,7826.916666666667,1003.6916666666667,514099.6143939394,21414.191666666666,2896.541666666667,2736.2916666666665,18774.3875,6231.9333333333325,51471.200000000004,71.5,11.3,-13060.0,-9378.0,-3682.0,37.48,0.55,26408.0,30090.0,10.363657225038386
Свердловская область,72.21052631578948,36207.333333333336,96.93333333333334,36702.833333333336,100.61666666666667,395.56,270684.375,13330.875,22355.484375,26713.9375,41738.234375,166545.84375,104.07,30.99,240022.08,15.2,3.7,22.8,15.8,2.2,15.1,7.7,0.5,50801.784,4312936.9,15.896153846153847,41.666666666666664,5.533333333333334,52.73333333333333,1033560634.8008332,136894694.525,52225982.925000004,72382575.44500001,82182147.125,244949710.18750003,1953744313.3975,2353258746.155,256127.375,21.0,18608.416666666664,17435.108333333334,13382.216666666665,16591.850000000002,10634.866666666667,206675.50833333333,15669.2,6530.325,12628.366666666669,4999.450000000001,739.825,409774.8628787879,18670.066666666666,2855.8,4599.591666666667,6514.3,2519.016666666667,41612.149999999994,194.3,21.9,-25727.0,-33773.0,8046.0,14.81,2.93,102670.0,94624.0,11.778930500930814
Ханты-Мансийский автономный округ - Югра (Тюменская область),13.222222222222221,50059.5,99.86666666666666,69360.0,99.68333333333334,153.84,50920.234375,3967.859375,5727.15625,6423.5625,11219.8125,23581.84375,121.93,25.13,880545.55,15.4,3.5,22.2,13.9,2.1,17.3,7.3,0.6,22571.4,1644965.9,7.8307692307692305,43.76666666666667,6.2,49.96666666666667,206268934.2658333,153446682.56,2060877262.676667,23989538.15,3320220987.4500003,220242182.79999998,618836550.8924999,4183289259.2925005,247369.625,15.0,17972.916666666668,18270.05,16830.183333333334,23168.93333333333,10649.55,242617.60000000003,23406.233333333334,7240.083333333334,11209.083333333336,6291.325,1078.9499999999998,482535.16893939395,22768.266666666666,3427.5166666666664,3922.15,5899.85,2246.4833333333336,51341.299999999996,534.8,3.2,14586.0,5254.0,9332.0,7.28,1.17,74378.0,65046.0,13.721500245081069
Ямало-Ненецкий автономный округ (Тюменская область),31.894736842105264,78070.5,102.16666666666667,93313.33333333333,102.5,54.53,13647.4375,1270.984375,1444.984375,1734.6875,3236.46875,5960.3125,149.76,18.35,1640576.79,15.2,4.5,21.8,15.5,2.1,17.7,5.4,0.8,7392.4,541501.8,5.75,46.599999999999994,1.1666666666666667,52.166666666666664,116131182.11416668,35516066.115,793156874.4416666,11384815.625,2351223033.225,53939251.0,368252669.38,2784799769.23,252887.25,13.0,24966.458333333332,27567.775,22251.399999999998,29534.00833333333,15260.6,308227.44166666665,33673.325,8081.983333333334,14645.425,7617.474999999999,1744.6416666666669,597971.6545454545,22478.091666666667,4218.908333333334,4798.716666666665,8792.4375,3922.691666666667,45137.3,769.3,0.7,5107.0,3453.0,1654.0,14.17,0.38,29248.0,27594.0,13.651662838424544
Тюменская область (кроме Ханты-Мансийского автономного округа-Югры и Ямало-Ненецкого автономного округа),44.333333333333336,28856.5,99.33333333333333,43150.833333333336,101.3,141.92740740740734,132263.5027221983,5963.832876147446,9320.511764319182,12441.83282833716,22520.017875071717,82017.30737832283,124.82012345679016,14.646419753086418,290910.78,15.7,4.5,23.8,18.1,2.5,21.9,7.6,1.0,19320.4409382716,1480662.2,13.566666666666666,49.46666666666667,3.4000000000000004,47.1,620321168.3599999,46727878.16,167525828.845,13002333.925,218648828.27499998,53001253.010000005,701439790.755,986092205.965,249287.25,20.337349397590362,13624.266666666666,18064.266666666666,12875.7,12849.0,7435.666666666668,200735.33333333334,10222.833333333334,7450.333333333334,10988.266666666666,5098.733333333334,346.1,366681.9666666666,14273.166666666668,3042.7,3217.7999999999997,29603.3,2968.4666666666667,27058.3,160.1,9.7,8759.0,-3010.0,11769.0,31.92,1.07,53685.0,41916.0,13.04851365711342
Челябинская область,86.26315789473684,24744.833333333332,96.91666666666667,34139.5,100.55000000000001,320.25,218645.640625,10918.9375,15600.265625,19041.296875,34165.734375,138919.40625,121.8,27.65,189387.97,16.5,4.9,23.6,16.0,2.2,15.0,8.5,0.5,38493.577999999994,3477221.2,18.065384615384616,42.76666666666667,2.3333333333333335,54.93333333333334,819288691.2933334,76412017.53833334,26881976.949166667,38519361.3075,93129156.525,129556997.4725,1436463755.1,1697669270.405,157864.125,22.0,21516.941666666666,18666.683333333334,18338.85,17683.833333333336,10663.933333333332,249028.33333333334,20336.958333333332,7707.458333333332,12935.108333333334,8877.025,3132.666666666667,496950.0727272727,23207.158333333333,3061.1166666666663,3332.875,7385.7875,5683.916666666667,52937.21666666667,88.5,38.6,-24204.0,-27164.0,2960.0,17.35,2.35,89950.0,86990.0,11.070212616902252
Республика Алтай,34.1578947368421,19304.166666666668,99.95,29151.833333333332,103.38333333333333,16.0,21456.875,981.609375,1689.03125,2102.875,3680.453125,13002.90625,123.62,7.17,107821.5,9.3,4.2,19.5,14.4,2.4,33.4,9.1,1.8,3328.2,216748.3,32.926923076923075,45.666666666666664,4.233333333333333,50.06666666666666,2205491.6475,1567007.5183333333,658582.9916666667,465722.825,2061726.7750000001,2872515.9749999996,4156743.5625,9556709.1375,120897.125,17.0,33950.50833333333,27065.375,11117.516666666666,25420.30833333333,10298.283333333333,178625.39166666666,26521.591666666667,10135.400000000001,16854.449999999997,6159.191666666667,2122.175,427860.6984848485,21917.341666666667,2616.575,2806.1,14578.6375,2144.633333333333,25420.066666666666,92.9,2.4,605.0,51.0,554.0,70.86,0.15,12186.0,11632.0,15.355137733490874
Республика Тыва,56.73684210526316,16124.166666666666,100.78333333333332,34826.166666666664,102.7,59.47,20700.53125,1961.234375,2892.9375,4197.3125,5018.703125,6630.34375,88.15,10.6,92912.78,19.8,7.7,18.8,13.6,2.8,38.4,18.1,7.3,6735.395999999999,320669.0,45.31153846153846,45.9,5.000000000000001,49.1,638144.4,2526852.825,4063951.1833333336,334944.69999999995,22585844.675,4803955.2075000005,529174.255,28253918.8375,73183.75,20.0,17449.408333333333,9549.033333333333,4419.325,12129.083333333334,3768.358333333333,119516.80833333335,11704.375,3921.366666666667,8646.208333333334,8873.941666666666,858.9833333333333,286311.21893939393,21542.941666666666,1076.8833333333332,5219.099999999999,7959.7875,1308.1666666666667,37752.675,168.6,2.0,2241.0,3599.0,-1358.0,45.1,0.23,10746.0,12104.0,21.004200593134975
Республика Хакасия,31.36842105263158,21181.5,99.53333333333332,36441.666666666664,101.51666666666667,57.0,27450.625,1553.46875,2744.8125,3022.515625,4668.234375,15461.59375,120.76,15.88,184767.28,17.0,11.8,25.0,17.9,2.6,10.5,5.0,1.0,6284.796,534566.5,24.180769230769233,38.4,5.333333333333333,56.26666666666667,54853137.04999999,22088194.375,22013351.4,1881975.375,67074184.925000004,51917294.95,96731987.25,217605442.52499998,155407.875,20.0,17961.44166666667,19886.25,17937.249999999996,18750.275,12655.75,183098.55,29433.933333333334,8369.066666666666,13750.5,7249.808333333333,1848.1666666666665,446464.5037878788,22647.79166666667,3140.033333333333,1845.0416666666667,13349.45,2721.2083333333335,54021.533333333326,61.6,8.6,-3698.0,-3266.0,-432.0,29.86,0.36,21395.0,21827.0,11.756808554221037
Алтайский край,120.73684210526316,22480.833333333332,98.10000000000001,24598.0,101.66666666666667,164.56,173039.82539682538,7626.492063492064,13418.015873015873,15295.333333333334,25707.396825396827,110992.58730158731,156.23,27.68,114429.32,13.4,3.3,25.9,18.0,2.4,14.9,6.3,0.2,23795.194,2348123.3,28.965384615384615,39.6,5.133333333333334,55.26666666666667,171140594.6975,31793397.49,3823042.6750000003,9664880.375,7014632.824999999,45471965.17,337589826.13,399741304.42499995,147862.75,26.0,30359.533333333333,23152.049999999996,22918.050000000003,38707.9,12800.425,242160.4583333333,33311.1,14155.941666666666,14447.808333333334,9827.908333333335,1860.708333333333,533283.6174242424,18246.791666666668,4709.741666666667,3428.308333333333,9822.7,7213.758333333333,38480.23333333333,168.0,13.5,-28174.0,-24661.0,-3513.0,42.57,1.56,66800.0,70313.0,10.133707203535693
Красноярский край,116.52631578947368,29723.833333333332,99.78333333333332,44275.833333333336,102.69999999999999,294.97,180321.73015873015,10212.269841269841,15930.52380952381,19153.365079365078,32295.634920634922,102729.93650793651,143.08,23.28,337849.38,12.9,3.8,22.7,16.6,2.3,17.7,7.4,0.8,33650.596,2862169.5,19.426923076923078,39.9,5.866666666666667,54.199999999999996,603309307.8924999,96504783.02416666,197659218.3033333,30496693.88,679192366.95,172422240.635,1373671073.6525002,2255782375.1175003,187296.125,20.0,15108.666666666668,21076.25833333333,17995.324999999997,20356.675000000003,10460.975,193984.49166666667,20426.708333333332,11800.541666666666,13583.191666666666,6184.866666666667,1515.75,435303.13181818184,18801.125,4086.7916666666665,2790.4666666666667,10233.75,3945.1000000000004,48404.4,2366.8,1.2,-6730.0,-18626.0,11896.0,22.11,1.96,128021.0,116125.0,11.757024173446052
Иркутская область,99.63157894736842,24346.833333333332,99.2,40869.833333333336,101.58333333333333,293.88,207495.359375,13777.71875,20122.390625,22069.25,35097.984375,116428.015625,173.82,30.55,237599.41,16.0,4.1,21.3,16.3,2.4,17.2,7.8,0.9,30798.984000000004,2400229.4,23.253846153846155,38.8,5.766666666666667,55.4,293073267.6525,68071419.49916665,145517642.71416667,17268020.9,552957575.55,123274329.775,505605561.275,1199105487.5,146193.875,23.0,12075.375,18973.75,22021.233333333334,21931.558333333334,11236.95,236642.01666666666,25336.791666666668,8708.116666666665,11899.3,10977.925,1526.2333333333333,483720.5174242424,21796.975000000002,4291.916666666666,2535.3666666666663,12870.2375,3089.8,44110.941666666666,774.8,3.0,-17887.0,-15709.0,-2178.0,22.04,1.62,49305.0,51483.0,12.831683504918324
Кемеровская область - Кузбасс,50.36842105263158,23141.666666666668,97.95,35708.0,102.55000000000001,306.19,217762.640625,9815.59375,17102.921875,21095.21875,38417.6875,131331.21875,95.49,35.32,188432.1,11.5,3.1,23.3,16.3,2.4,11.3,2.7,0.1,26870.992,2689269.1,16.31153846153846,42.800000000000004,5.2,52.03333333333334,335224563.6558333,76303814.5025,381047955.59999996,32715991.5475,916654980.525,97795766.8425,620240616.1925,1667407355.2075,140707.875,22.0,17243.2,18390.675,21219.85,19690.875,11556.475000000002,207218.38333333333,17578.391666666666,11338.266666666666,14296.358333333334,7384.641666666667,2985.925,459882.0363636364,19443.216666666667,3329.8583333333336,3840.191666666666,10155.65,5055.183333333334,57562.375,95.7,27.2,-29174.0,-25987.0,-3187.0,13.92,1.79,59504.0,62691.0,9.991931264892754
Новосибирская область,73.78947368421052,28499.333333333332,100.16666666666667,34463.333333333336,102.06666666666668,216.78,180809.5,8273.375,14621.5,17623.828125,30126.796875,110164.0,69.42,26.21,196373.77,16.9,4.5,23.2,16.3,2.3,12.0,5.7,1.1,32891.38,2767578.2,25.04615384615385,37.06666666666667,7.8999999999999995,54.96666666666667,246190019.66833332,53247914.96333333,22823219.93416667,20796745.5375,67549565.975,64822280.66000001,526400823.5175,679569415.69,183977.625,21.0,20210.88333333333,14613.716666666665,11163.458333333334,16030.808333333334,6710.916666666666,240393.78333333333,14660.816666666668,7143.875,11272.541666666666,4384.541666666666,1072.9666666666667,438587.6984848485,20675.725,3288.525,5377.108333333334,5607.0,3093.3250000000003,45740.566666666666,177.8,15.6,-5544.0,-18916.0,13372.0,20.63,1.91,79455.0,66083.0,11.884535006093051
Омская область,73.78947368421052,25742.5,96.93333333333334,31826.166666666668,101.03333333333335,153.59,125380.171875,6064.3125,10129.75,12178.03125,21843.796875,75164.28125,71.78,11.12,178710.56,12.8,2.6,23.4,16.9,2.5,15.1,5.6,0.3,21452.794,1949135.6,19.111538461538462,42.6,5.7,51.70000000000001,482518826.6525,34218923.75333334,3886857.75,11134680.774999999,3121227.45,52907289.650000006,895609084.2225,962772282.0975001,171748.125,26.0,17089.38333333333,18944.466666666667,16258.225000000002,17603.808333333334,10322.0,205480.35,65530.566666666666,11311.883333333335,12631.666666666668,4283.075,2044.0749999999998,485945.50530303025,22832.35,3292.1083333333336,3496.5249999999996,12883.324999999999,2763.558333333333,44992.79166666667,141.1,13.3,-24127.0,-16486.0,-7641.0,26.95,1.29,42402.0,50043.0,11.006311720949531
Томская область,35.94736842105263,27370.5,97.01666666666667,40624.666666666664,101.18333333333334,88.62,60846.703125,3559.390625,5599.734375,6589.296875,10442.359375,34655.921875,87.95,14.22,252385.98,10.5,1.4,25.7,16.9,2.3,12.6,3.9,0.4,11818.0,1073811.5,18.376923076923077,39.56666666666667,4.8,55.666666666666664,103176370.95083334,23699064.350833338,112072039.27666666,8525704.075,176564442.0,35486983.277499996,185826651.87499997,406403781.3275,146623.75,20.0,13050.283333333333,20554.766666666666,18155.183333333334,19904.175,12399.341666666667,213581.21666666667,20278.575,6987.341666666666,13604.125,6558.275,1691.6750000000002,430332.75606060604,22204.38333333333,3256.233333333333,2087.758333333333,9190.375,5186.966666666667,30510.850000000006,314.4,3.4,-2035.0,-7117.0,5082.0,27.77,0.73,34925.0,29843.0,11.005656020633044
Республика Бурятия,66.6842105263158,24480.333333333332,98.14999999999999,34592.333333333336,101.13333333333334,88.22,73782.75,4420.75,7241.5625,8140.078125,13449.234375,40531.125,64.38,5.79,126111.24,17.6,5.0,22.7,17.2,2.4,26.4,11.2,2.6,13897.797999999999,981236.4,29.892307692307693,44.1,5.366666666666667,50.56666666666666,45124959.85750001,17679399.863333333,12972177.534166666,2294639.8575,34718663.175,26144253.657500003,74400145.8725,137557702.5625,180813.75,21.0,14773.074999999997,14836.675,10096.275,12327.1,8537.25,155908.76666666666,21200.708333333336,7069.416666666667,7926.7,7963.299999999999,677.0916666666667,322617.0098484848,11731.25,1782.4333333333334,2844.991666666667,6325.6625,2359.1916666666666,31708.733333333334,351.3,2.8,-2802.0,-1498.0,-1304.0,40.89,0.68,42032.0,43336.0,14.163557324208517
Забайкальский край,48.73684210526316,23932.666666666668,98.55,38373.5,101.86666666666666,137.25,77929.96875,4598.515625,7150.34375,8011.984375,12302.8125,45866.3125,129.83,7.47,141752.93,13.0,5.1,23.1,17.1,2.4,27.9,6.3,0.9,13754.6,1073020.3,34.40769230769231,38.6,8.066666666666666,53.36666666666667,14845914.415,18748407.846666668,35297500.10166667,3242204.3999999994,124267867.85,33936623.075,26805987.7625,188252683.0625,152557.0,23.0,17238.683333333334,17226.983333333334,13515.741666666669,17061.141666666666,5754.25,186731.65833333335,22792.958333333332,7968.700000000001,9890.5,6798.799999999999,1660.5499999999997,385781.44696969696,14918.233333333334,2689.725,6083.899999999999,10146.8125,3539.1166666666663,31915.708333333336,431.9,2.4,-10018.0,-4528.0,-5490.0,31.32,0.72,24225.0,29715.0,12.81858320853762
Республика Саха (Якутия),49.10526315789474,41844.833333333336,100.36666666666667,65881.33333333333,101.28333333333335,109.97,52263.5625,4241.078125,5531.953125,6986.3125,11519.0625,23985.15625,241.47,7.41,445547.97,14.7,3.2,23.5,16.5,2.2,25.8,7.6,1.1,13677.594000000001,966722.4,21.684615384615384,45.53333333333334,5.533333333333334,48.93333333333334,23318892.896666672,41471003.22916667,273380339.9508333,6149267.15,778524891.175,67625405.80250001,36594250.4725,888893814.55,228611.25,14.0,14732.191666666668,23397.558333333334,14944.183333333334,19282.100000000002,17060.608333333334,264111.69166666665,43181.25833333333,9072.391666666666,11101.900000000001,7298.125,1480.9416666666666,517226.8416666667,14689.716666666665,3719.2250000000004,2163.516666666667,5495.9125,2703.4333333333334,44384.425,3083.5,0.3,10144.0,1637.0,8507.0,33.04,0.68,56166.0,47659.0,14.148419442851434
Камчатский край,8.631578947368421,48132.0,100.41666666666667,70722.83333333333,102.88333333333333,35.5,13351.828125,846.6875,1196.953125,1557.046875,2265.78125,7485.359375,153.75,8.35,324625.06,21.7,5.1,23.9,15.9,2.2,22.0,11.7,2.0,3557.8,315619.4,20.115384615384617,41.199999999999996,2.0333333333333337,56.76666666666667,33731295.18749999,14685975.675833335,7508463.774999999,2800434.9,23851252.125,20883110.525,123604719.1,171139516.625,182542.625,14.0,17090.766666666666,19440.291666666664,14396.508333333335,19896.441666666666,6926.458333333334,284410.825,16551.491666666665,10922.816666666666,15517.5,3263.8583333333336,2179.475,518527.6431818182,24573.533333333333,3482.725,1494.033333333333,11550.275,3411.5,47208.99166666667,464.3,0.7,1037.0,-1392.0,2429.0,21.05,0.21,14410.0,11981.0,11.272437625824013
Приморский край,66.36842105263158,33902.0,99.06666666666666,41116.666666666664,101.73333333333333,209.75,108543.60317460318,5387.888888888889,9485.460317460318,12125.873015873016,17313.761904761905,64230.619047619046,100.48,32.43,214573.54,17.9,3.1,22.4,15.7,2.2,12.7,4.7,1.4,20172.598,1912368.9,25.407692307692308,38.86666666666667,6.0,55.133333333333326,118287729.42250001,46233333.16083333,11037085.479166664,9961084.045,22455433.7375,66199283.85,250033929.115,348649730.7475,206875.0,22.0,16752.733333333334,15888.841666666667,15065.041666666666,22540.491666666665,11308.308333333334,247249.79166666666,19387.341666666667,6212.616666666667,11562.916666666668,4824.541666666666,2136.508333333333,495195.74772727274,22015.166666666664,3202.925,1960.5583333333332,13327.35,3541.608333333333,65086.316666666666,164.7,11.3,-14833.0,-14523.0,-310.0,22.49,1.28,67999.0,68309.0,10.54848674855568
Хабаровский край,37.21052631578947,38567.666666666664,98.18333333333334,45182.333333333336,99.98333333333333,155.16,66536.79365079365,3574.5238095238096,5680.507936507936,7379.3650793650795,10021.587301587302,39880.80952380953,136.91,10.52,249471.19,15.5,6.0,23.3,15.4,2.2,14.0,9.5,0.2,15452.8,1325366.9,19.157692307692308,39.13333333333333,8.566666666666666,52.333333333333336,113031594.22666667,39711845.190000005,34151876.75416666,12990158.049999999,54872070.24999999,57531118.0,319078735.8125,444472082.1125,239648.375,21.0,13608.516666666666,14586.849999999999,10183.233333333334,17057.883333333335,5127.541666666667,229908.78333333333,16846.358333333334,5566.108333333334,11825.383333333333,4991.2750000000015,1570.7,436585.4234848485,21191.491666666665,2577.6916666666666,3176.6083333333336,7327.299999999999,2830.616666666667,50420.36666666666,787.6,1.6,-2149.0,-8650.0,6501.0,17.79,0.89,51883.0,45382.0,11.659262050380164
Амурская область,47.21052631578947,30861.5,98.94999999999999,41014.333333333336,102.11666666666667,104.22,64625.03125,3325.65625,5248.71875,6287.65625,10531.984375,39231.015625,119.93,25.68,196049.81,16.8,5.9,23.2,17.3,2.3,14.7,6.1,0.3,8893.6,798153.1,26.18846153846154,38.13333333333333,5.933333333333334,55.93333333333334,18996446.717499997,24265150.99166667,36611490.94166667,3183552.825,80939265.325,40325051.675,35828147.2,160276017.125,213437.75,24.0,15289.408333333333,16743.3,14918.008333333331,19558.266666666666,9857.791666666666,215469.30833333335,24647.233333333334,8481.474999999999,11531.491666666665,8021.941666666666,2681.1666666666665,440582.07954545453,19188.56666666667,2817.5250000000005,4227.875,8674.137499999999,3680.45,40439.75,361.9,2.1,-9321.0,-6977.0,-2344.0,31.95,0.53,22027.0,24371.0,11.142724372053433
Магаданская область,2.4285714285714284,58826.833333333336,100.88333333333333,82467.5,102.88333333333333,23.44,4995.8125,353.984375,583.515625,687.84375,979.484375,2390.984375,346.14,20.57,488520.87,15.7,4.1,23.7,13.8,1.9,16.4,11.4,0.0,1448.4,144493.1,17.915384615384617,36.233333333333334,8.766666666666667,55.0,3150958.4266666663,9093238.170833332,42944015.899166666,999898.1000000001,76366952.75,16682955.124999998,91562618.8175,185612424.7925,222502.5,12.0,36678.925,14644.325,11594.208333333332,17113.125,7377.625,229340.975,13131.525000000001,5582.183333333333,11897.416666666664,5062.758333333333,1439.7833333333333,440325.61893939396,27320.466666666667,2453.591666666667,2447.025,5746.325,3729.416666666667,48525.791666666664,462.5,0.3,-1267.0,-877.0,-390.0,3.86,0.09,6735.0,7125.0,10.024008066821184
Сахалинская область,8.947368421052632,53568.333333333336,101.16666666666667,75366.83333333333,103.86666666666667,57.19,21395.578125,1409.71875,2166.09375,2698.4375,3358.734375,11762.59375,315.03,29.8,860733.34,13.2,2.5,22.5,17.2,2.1,12.6,4.2,0.0,6112.994000000001,488523.1,18.892307692307693,38.06666666666666,7.599999999999999,54.300000000000004,25984076.21166667,14469981.263333334,397891352.45,3436313.85,846310542.275,18330060.9525,61498004.3,929574921.3774999,302835.625,13.0,32511.2,14217.9,17440.841666666667,18060.825,6627.966666666666,265325.8083333333,46636.53333333333,7199.799999999999,10181.2,6484.016666666666,2312.383333333333,513752.00303030305,25172.941666666666,3714.4916666666663,4428.208333333333,7250.637500000001,5187.641666666666,33516.3,87.1,5.6,-1444.0,-2149.0,705.0,17.3,0.33,17515.0,16810.0,12.513213807085071
Еврейская автономная область,12.947368421052632,24975.5,96.66666666666667,37558.166666666664,101.26666666666667,27.22,12550.859375,713.65625,1186.828125,1316.5,1840.703125,7493.171875,174.6,28.57,157024.0,13.1,4.6,20.1,13.8,2.2,20.9,3.5,0.5,1859.8,163231.6,22.21923076923077,33.9,9.266666666666667,56.833333333333336,3592082.265833333,2674946.4475,483803.4583333333,463655.725,12247185.225,4597385.475,6364508.75,23672735.175,149389.5,25.0,15334.433333333334,10478.416666666668,11608.274999999998,16149.583333333334,6057.316666666667,190548.40000000002,15823.458333333334,7255.25,8305.275,4831.241666666667,3832.7,375999.7984848485,24004.341666666667,2551.683333333333,3200.2833333333333,6832.9,2654.05,34392.48333333334,36.3,4.2,-2669.0,-1259.0,-1410.0,31.88,0.11,3536.0,4946.0,11.3936272143384
Чукотский автономный округ,7.578947368421052,75961.83333333333,101.53333333333335,97464.16666666667,102.73333333333333,8.31,1612.453125,174.78125,224.578125,277.0,389.203125,546.890625,486.02,2.85,724122.68,17.7,3.2,22.5,14.1,1.7,14.0,10.3,1.7,602.6,50072.0,11.938461538461537,32.63333333333333,0.9,33.13333333333333,650298.2499999999,7007433.116666666,36132855.218333334,507877.575,42658962.75,9914401.924999999,40664565.3,93745807.55000001,175740.0,7.0,12049.125,26731.433333333334,19987.0,22216.291666666664,12680.041666666666,341138.9583333333,30222.625,8900.974999999999,16226.708333333334,5643.516666666666,1148.575,614553.8234848485,17717.908333333333,3896.2,2530.4333333333334,9303.2625,6149.775,54553.541666666664,721.5,0.1,513.0,-38.0,551.0,28.06,0.03,5336.0,4785.0,12.034670075091867
